StudentID,FirstName,LastName,Age,Gender,Department,Marks,Email,PhoneNumber,City
1001,Shawn,Shelton,22,F,IT,54,dunnjacqueline@yahoo.com,(368)455-0037,Salazarchester
1002,Bethany,Clayton,22,M,EEE,76,jessica38@zuniga.com,5009422088,Frankstad
1003,Michelle,Love,19,F,CIVIL,63,fordlatoya@bradshaw-gates.org,(801)990-3776x09615,North Richard
1004,Matthew,Collins,22,F,CIVIL,65,quinnlance@gardner-thomas.net,+1-106-986-2989x387,Petersonton
1005,Ashley,Gallagher,22,F,ECE,55,crystal84@sanchez.com,6745264319,Amyview
1006,Mark,Thompson,23,F,IT,75,xhart@hotmail.com,+1-125-681-6607x39847,New Adriana
1007,Christine,Kramer,21,F,IT,52,rebecca15@tucker.info,2030915091,Underwoodchester
1008,Brian,Davis,18,F,IT,59,starkkatie@yahoo.com,(555)054-2745x17382,Port Laurie
1009,Christina,Davies,18,F,CSE,58,millererik@hotmail.com,921-019-7577,Sandersside
1010,Rebecca,Smith,18,F,ECE,94,sarahrobertson@bryant.com,001-348-902-2668x667,Lisaburgh
1011,Jeremy,Warren,22,M,IT,68,jocelyn81@huffman.com,456-525-1647x064,Gonzalezport
1012,Rebekah,Saunders,25,M,MECH,94,charles83@garrett-smith.com,714.892.3526x9267,North Rachel
1013,Pamela,Navarro,19,F,EEE,53,imoreno@bowman.org,937.420.9469,New Wendyfurt
1014,Susan,Duran,21,F,CSE,65,gmcmahon@hotmail.com,396.841.0537,New Teresa
1015,Melissa,Edwards,22,F,IT,100,allendavid@graham-jones.com,659-746-1608,Robbinsside
1016,Tara,Green,22,F,MECH,99,varnold@edwards.net,001-422-666-4635x3502,South Jonathanstad
1017,Tammy,Johnson,18,F,MECH,52,rodriguezleslie@smith.com,(951)069-6753x6978,North Gregorychester
1018,Tracy,Kelley,23,M,ECE,100,mcdonaldkimberly@wilson-williams.info,+1-947-763-3001x4268,Craigside
1019,Briana,Barry,21,F,CIVIL,54,jennawarner@hart.net,+1-414-880-2332x088,Port Austinberg
1020,Dawn,Sandoval,19,F,CIVIL,94,justingallegos@gmail.com,001-484-928-0982,West Angelicaview
1021,Timothy,Watson,21,M,CSE,50,allendenise@jones.biz,811.471.2211,Sheltonhaven
1022,Steven,Morris,19,M,CIVIL,63,susanrodriguez@gmail.com,2350529897,Danielborough
1023,Vincent,Salazar,23,F,EEE,99,harperalexander@yahoo.com,+1-901-164-3234x3190,West Kristenberg
1024,Brittany,Byrd,24,F,EEE,80,martincourtney@george.com,461.521.1190x493,Lake Amyburgh
1025,Katie,Ruiz,25,M,CSE,75,kmiller@yahoo.com,2047833306,Port Marymouth
1026,Daniel,Randolph,23,M,ECE,78,santanaangela@lopez.org,541.554.4301,North Marytown
1027,Donna,Wilson,25,F,MECH,67,samanthagonzalez@ortiz.info,001-675-148-4603x61610,Parsonsside
1028,Melissa,Baldwin,21,F,ECE,77,qmoore@snow.com,8542859794,Mcdowellborough
1029,Brandon,Bright,19,M,ECE,64,claudia09@dixon.biz,(090)334-1515,Lake Matthew
1030,Nicholas,Smith,23,M,EEE,76,jonathan17@davis-russell.com,001-752-494-7325x64678,New Amandaberg
1031,Lisa,Howard,18,F,EEE,95,kellywhite@hotmail.com,0378134224,North Jamiefurt
1032,Christine,Olsen,25,F,IT,91,levinemelinda@gmail.com,334.983.1877,Port Gary
1033,Dennis,Macdonald,25,F,EEE,64,millermark@jennings-rivera.info,015.066.0977,North Robert
1034,Amy,Jones,18,F,CSE,54,bowmanjoseph@hotmail.com,583.976.5426,South Nina
1035,Jordan,Owen,24,M,IT,92,joyce79@vance-cunningham.com,(587)024-8691,Hartfurt
1036,Stephanie,Coleman,23,M,IT,86,taylor38@woods-sharp.net,110-365-6087x12813,Rogerview
1037,Erin,Cole,24,M,EEE,55,scotthall@potts.com,487.382.0542,Donaldsonland
1038,Bill,Anderson,22,F,ECE,77,jacobbullock@barr.com,(215)081-7986,Kennethside
1039,Daniel,Benson,23,M,EEE,79,brianjordan@jackson.biz,363.658.2211,New Caleb
1040,Glenda,Graves,18,F,EEE,90,amandamartin@harrison.com,195.342.5649,Port Cynthiaville
1041,Stephen,Cooper,18,F,CSE,97,william03@yahoo.com,001-411-065-6850x25385,New Justinview
1042,Dennis,Lynch,19,M,IT,69,fjohnson@haynes-reyes.org,001-002-070-7298x97793,North Josephshire
1043,Michael,Casey,24,F,MECH,91,brownleslie@gmail.com,359-496-2641,North Kaitlynland
1044,Melissa,Smith,24,M,IT,55,robbinscameron@gmail.com,001-115-646-2017x743,Foxton
1045,Mindy,Davis,18,M,EEE,60,ashley59@hotmail.com,068-830-9958x8683,Stephenville
1046,Matthew,Thompson,20,M,IT,64,hailey69@yahoo.com,(949)785-4645x76777,North Briana
1047,Anthony,Wilkins,18,F,EEE,93,devin53@hotmail.com,001-337-780-8097x87797,East Michealshire
1048,James,Lopez,18,F,CSE,72,kbradley@hotmail.com,+1-528-530-9783x222,Daviesbury
1049,Kelly,Williams,24,F,EEE,80,bhernandez@hotmail.com,(379)519-1562,Port Kristi
1050,Nathan,Hull,18,M,CSE,83,qwilliams@gmail.com,001-487-925-7565,Hoodport
1051,Stephanie,Thomas,22,F,CSE,92,michael44@huerta.biz,+1-707-185-8662x23252,Andresstad
1052,Donald,Floyd,24,F,ECE,71,barrettmichael@wilson-clark.net,493.224.7828x3015,North Stephanie
1053,Vanessa,Higgins,22,F,EEE,52,debrahartman@gmail.com,485.593.7913x72120,Lake David
1054,Kimberly,Perry,23,F,CSE,72,buckleycheryl@gmail.com,(881)282-4745x8214,Kevinburgh
1055,Jessica,Lucas,23,M,MECH,72,fhart@hotmail.com,998-008-8564,Marybury
1056,Diana,Hall,24,F,EEE,82,bpage@wilson-flores.biz,-5936,Dustinfurt
1057,Elizabeth,Hall,20,M,EEE,96,aprilmurray@hotmail.com,896.249.6279,East Michael
1058,Taylor,Cox,24,F,MECH,66,kimberly27@mitchell.com,837-312-9603x89729,Dustinmouth
1059,Laura,Cook,18,M,MECH,56,kristenvargas@joyce-lane.com,595-302-4768x3124,Karenport
1060,Dana,Martin,19,F,MECH,83,graybrianna@smith.com,347.466.5757x570,Juliemouth
1061,Gregory,Martinez,19,M,CSE,65,acole@beck.com,-4183,Miguelhaven
1062,Peter,Rivera,24,M,EEE,78,fpowell@parrish.com,080.925.3795x770,Moodyside
1063,Lynn,Preston,25,M,EEE,83,sanchezbrandon@hotmail.com,001-334-126-2381x229,East Rebeccafort
1064,Chad,Williams,22,F,ECE,96,samanthamiranda@martin-watson.org,956-518-7519x43777,West Cynthiahaven
1065,Jennifer,Rogers,22,F,EEE,100,autumnowens@yahoo.com,517-119-1202x900,New Richard
1066,Carrie,Jones,23,F,ECE,86,casesabrina@kim-harvey.com,+1-082-759-3980x3093,Lake Ashley
1067,Kimberly,Rodriguez,18,F,ECE,90,richardduncan@hotmail.com,732.716.1022,Lopezview
1068,John,Hammond,19,F,CSE,87,danalloyd@vincent.com,+1-723-514-2532x76986,Royport
1069,Barbara,Delgado,25,M,ECE,69,iatkinson@hotmail.com,-6174,Pottsport
1070,Christina,Bailey,19,F,EEE,64,pattersonnicholas@mcintosh.info,-9626,Dianeside
1071,Zachary,Herrera,18,M,CIVIL,91,sarah29@calhoun.com,001-586-994-4252x7375,South Gregory
1072,John,Duffy,21,F,EEE,100,gonzalezjean@hotmail.com,744-910-0305,Richardton
1073,James,Bennett,22,F,CSE,62,kathyhart@mills.com,-1741,Port Matthew
1074,Dustin,Ramirez,19,F,IT,68,larry96@yahoo.com,763.586.8474x386,East Alexisville
1075,Jeremy,Morales,22,F,MECH,56,youngsara@meza-ortiz.com,001-893-435-3423x197,East Ashleyhaven
1076,Anthony,Valdez,19,F,IT,71,smithashley@deleon.com,718-267-1048x9991,Judyton
1077,Cody,Bush,19,F,MECH,88,ireyes@guerrero-miller.com,273-692-5269,North Jo
1078,Margaret,Blackburn,22,F,EEE,99,susanjohnson@reeves.com,(942)574-8933x84636,Danaview
1079,Joseph,Williams,22,M,ECE,75,troyfletcher@klein-spencer.com,001-276-246-2148x5441,East Kylefurt
1080,Rebecca,Harris,23,M,CIVIL,69,marshashley@yahoo.com,001-249-126-9192x3946,Brownland
1081,Brian,Adams,23,M,MECH,61,wallacebrandon@church.com,(003)803-7621,Ashleyburgh
1082,Jennifer,Smith,20,F,CSE,78,paynejon@vega.info,8667515788,East Gary
1083,Cameron,Moore,22,F,ECE,51,davidjohnson@walker-goodman.com,543-250-3468x850,South Nancy
1084,Darrell,Rodriguez,23,F,CSE,92,timothy40@lee.com,673.553.8313x448,Andersonhaven
1085,Laura,Adkins,21,M,ECE,74,srichardson@hotmail.com,(723)232-6437x430,Emilyhaven
1086,Tracy,Edwards,19,M,EEE,69,tstewart@morris-morales.com,3461404834,Paulport
1087,Laurie,Williams,21,M,ECE,73,lisacarter@erickson.com,158.178.7919x467,Michelleview
1088,William,Pineda,21,F,CIVIL,81,mark29@gmail.com,(591)277-3571,East Susanton
1089,Katie,Davis,24,M,IT,67,katherinesheppard@diaz.org,(638)663-6099x6209,Stephanieborough
1090,Tara,Lee,18,M,CIVIL,73,ibraun@hotmail.com,001-003-532-3371x7438,Lake Brittany
1091,Kimberly,Bell,23,M,EEE,56,ehoward@yahoo.com,001-994-845-1526x86734,Ryanfurt
1092,James,Adams,19,M,CIVIL,70,kdrake@harrison-perry.com,636.155.5299x0434,Sharonshire
1093,Jon,Villa,24,M,CSE,71,xtaylor@yahoo.com,330-780-8399,Walkermouth
1094,David,Hill,24,F,IT,74,jeffrey59@clark.com,075-929-7240,Gutierrezfurt
1095,Robert,Levy,18,M,ECE,99,melaniesmith@gmail.com,(070)831-4536x347,Dustinfurt
1096,Corey,Schultz,21,M,IT,84,juan05@mendoza.biz,580.113.2054x200,Stewartbury
1097,Lance,Martin,24,M,ECE,89,zimmermanchristopher@gmail.com,997-505-2758,Meaganstad
1098,Cathy,Thomas,24,M,EEE,53,hooverjustin@yahoo.com,(027)120-8319,Port Brenda
1099,Shelby,Hall,18,M,EEE,66,michael87@gmail.com,545.491.7549x5914,North Jeffrey
1100,Jeffery,Carr,22,M,CIVIL,80,masonjohn@madden.biz,332-242-5142x5314,Lake Autumnside
1101,John,Acosta,25,F,EEE,73,andrewjohnson@arellano-davidson.com,001-281-818-3081x3262,Sanfordfurt
1102,William,Mills,18,M,EEE,67,rebecca04@gmail.com,2191808666,Dylanborough
1103,Robert,Coleman,25,F,CIVIL,51,baileybrooke@gmail.com,202-955-0616x73593,Harrisonfort
1104,Steven,Smith,19,F,MECH,87,nwilkins@ford-larson.com,(985)110-9222x185,Tristanmouth
1105,Elizabeth,Robinson,19,F,MECH,59,greenjoseph@long-ayala.net,822.796.7274x83831,Port Robertville
1106,Tiffany,Cox,23,F,CSE,54,courtneyhamilton@yahoo.com,0875636899,Thomaschester
1107,Brooke,Carr,20,F,CSE,52,michaelmurphy@daniel.biz,(212)043-1551,Westside
1108,Michael,Phillips,21,F,EEE,96,howard25@hotmail.com,(389)503-3262x3702,Lake Emily
1109,Daniel,Wilson,25,F,ECE,56,kimjudy@gmail.com,032.978.6328x49935,West Michael
1110,Jasmine,Levine,21,M,IT,97,matthew36@anderson.com,349.455.0437x863,Johnton
1111,Frederick,Bradshaw,22,M,MECH,65,brenda99@stanley-robertson.com,550.326.1867x6411,Lake Adamburgh
1112,Stephanie,Pratt,25,M,EEE,50,alexismatthews@gmail.com,181-617-2102x117,South Kyle
1113,Jason,Phillips,19,F,CSE,59,orozcoamy@jones-mitchell.com,(312)967-2049x8313,East Bradley
1114,Dawn,Willis,22,F,CSE,74,zacharyatkins@kelly.com,812.957.9336x46396,West Johnshire
1115,Jennifer,Potter,22,M,MECH,75,suzannejones@gmail.com,001-385-660-0982x993,North Heatherchester
1116,Christina,Williamson,22,F,CIVIL,80,apugh@wheeler-quinn.com,925-294-4639x362,Port Andreaton
1117,Patrick,Sanchez,24,F,ECE,80,msutton@harrison.com,391-178-8234,East Paula
1118,Timothy,Park,18,M,EEE,65,kimberlyanderson@cannon-hunt.com,+1-272-936-8276x1860,Kempport
1119,Robert,Brown,25,F,CIVIL,78,freemanmeagan@gmail.com,259.779.2967x99952,Deniseville
1120,Damon,Martinez,18,F,EEE,68,cynthiawhite@yahoo.com,(802)180-8846x722,Beckfurt
1121,Todd,Patton,23,M,MECH,69,josephlarson@newton.com,1620536643,Lynnchester
1122,Maria,Johnson,21,M,ECE,73,wgill@rangel.net,+1-397-191-2522x4678,Schmidtton
1123,James,Murphy,23,F,ECE,97,andrew63@cordova.com,(720)516-3199x679,Hortonshire
1124,Jacob,Andrews,22,F,CIVIL,61,jenniferbrown@smith.biz,(768)880-2321x580,West Anthony
1125,Elizabeth,Carson,18,M,CSE,100,paigepitts@yahoo.com,+1-475-355-7104x4938,Edwardside
1126,Chad,Allen,25,F,ECE,83,durhampatty@hotmail.com,036-602-1585,Duranfurt
1127,Jessica,Hurst,20,F,EEE,86,kathleenmata@gmail.com,+1-902-969-9103x2561,Troyberg
1128,Joseph,Martinez,25,M,CIVIL,51,areeves@yahoo.com,(528)641-4378x631,Port Zachary
1129,David,Rocha,20,M,IT,84,phillipsstephanie@blair.com,924-828-2839,Francisstad
1130,Renee,Dickson,24,M,IT,52,william15@hotmail.com,797.007.8304x18061,New Leonardbury
1131,Stacy,Owens,18,M,IT,52,todd07@cervantes.com,(954)086-1536x654,Smithstad
1132,Corey,Edwards,20,M,CSE,78,stacybutler@gmail.com,001-045-461-6011x526,East Johnhaven
1133,Lisa,Lopez,21,F,MECH,65,harrellbrenda@gmail.com,050-093-3222x19083,Nelsonfort
1134,Leslie,Reyes,19,M,CSE,85,mackenzieweaver@hotmail.com,001-564-549-1332x55102,Port Robert
1135,Lee,Hall,24,F,EEE,81,vincentselena@gmail.com,(370)980-0394x6544,Patrickchester
1136,Scott,Gould,20,F,CSE,87,omitchell@yahoo.com,6857368528,Garciahaven
1137,Douglas,Gardner,24,M,IT,100,davidking@garcia-howard.com,001-598-896-9195x07086,Tammyville
1138,Kristie,Rush,19,M,CIVIL,87,wallen@booker.com,(793)406-6523,Kimside
1139,Amy,Mcdaniel,22,F,EEE,78,heatherrodriguez@richardson.biz,672-859-6060,New Meganville
1140,Laura,Hernandez,20,F,CIVIL,64,zjohnson@simmons.org,714.089.4894x821,South Sheriville
1141,Jennifer,Bradley,20,M,IT,51,duncanchristine@hotmail.com,3779341309,Marshton
1142,Tonya,Molina,20,M,IT,90,richarddiaz@smith.net,214.378.0600,New Gailside
1143,Jennifer,Salinas,21,F,MECH,100,matthewsnyder@ingram-odonnell.org,4785531656,Amandaside
1144,Emma,Garcia,22,F,EEE,91,glenn66@gmail.com,368-692-0164,Eatonview
1145,Jason,Weeks,25,M,ECE,84,xlopez@gmail.com,999.325.5308x600,West Catherine
1146,Jenna,Montoya,20,F,CIVIL,90,barbaraortega@williamson.info,490.695.5783,Lake Cynthia
1147,Alexis,Morgan,25,F,IT,91,anthonyobrien@gmail.com,628.356.6657,Thomashaven
1148,Joanna,Rivera,25,M,MECH,51,makaylahall@reyes.com,180.968.4146x42825,Mayport
1149,Carlos,Miranda,21,M,CIVIL,75,amanda44@ramirez-acosta.com,(448)228-3535,Nicholasberg
1150,Lori,Fleming,22,F,CSE,63,richard54@gmail.com,906.483.7375,Robertfurt
1151,Rachel,Mathews,23,M,CSE,50,lisa45@yahoo.com,(688)476-0160,Markton
1152,Mario,Giles,22,F,IT,86,normanandrea@dudley.info,-1541,Joneschester
1153,Beth,Payne,24,M,MECH,66,bowenrichard@rhodes.org,(803)574-3550x8306,Erinchester
1154,Emily,Yates,18,F,MECH,75,davisbrittany@estrada-bradley.com,(586)131-2612x356,Christinamouth
1155,Cheyenne,Barker,18,F,ECE,65,adamharris@yahoo.com,410-917-5412x589,New Michael
1156,Ryan,Johnson,21,F,EEE,67,morrowteresa@gmail.com,001-095-326-8585,South Brian
1157,Roger,Ferguson,21,M,CIVIL,86,jenniferburke@bentley.com,726-848-5605,Nicoleton
1158,Michael,Johnson,22,M,CIVIL,74,garrisonlauren@yahoo.com,(294)753-7597,Gutierrezshire
1159,Tanya,Norton,25,F,ECE,84,caitlyn39@yahoo.com,001-257-477-7211,Robertchester
1160,James,Jackson,23,F,MECH,72,eric06@gmail.com,(307)332-3914,Villamouth
1161,Trevor,Wiley,22,F,CIVIL,57,torreslisa@hotmail.com,(562)574-0720x881,Proctorbury
1162,Sheri,Henson,22,F,MECH,56,graymichael@tate-mejia.com,+1-028-760-8104x88534,Johnsonborough
1163,Ryan,Kim,18,F,CIVIL,89,tiffany81@hotmail.com,682.209.0225x2721,Priscillaborough
1164,Mitchell,Miller,24,F,CSE,71,kimberlymunoz@hotmail.com,-3623,Mariemouth
1165,Gregory,Olsen,21,F,IT,76,barrymark@smith.info,837.789.9534x80471,West April
1166,Ryan,Steele,25,F,EEE,69,kellylori@gmail.com,001-924-973-2656x735,Prestonhaven
1167,Maureen,Holmes,23,M,IT,97,jameswesley@hotmail.com,(578)595-3525x36469,New Justinmouth
1168,April,Jones,19,M,ECE,95,martinezemily@gmail.com,475.659.6242x37473,East Sophiahaven
1169,Jared,Robbins,21,M,EEE,73,crosspaul@gmail.com,-6243,South Gabrielleton
1170,Daniel,Bishop,22,F,CSE,96,michael47@gmail.com,(655)546-6844x84088,West Amberport
1171,Patricia,Hubbard,18,M,IT,91,pagebeth@hotmail.com,4991919926,Davidmouth
1172,John,Carter,18,F,CSE,72,parsonsbenjamin@yahoo.com,441-634-8634,Leslieville
1173,Daniel,Williams,20,F,MECH,81,goconnor@yahoo.com,664-513-2751,Jacksonton
1174,Eddie,Turner,18,F,EEE,83,omartinez@carter.net,716-497-1766,Richardsland
1175,Pamela,Torres,19,F,CIVIL,90,mrichardson@yahoo.com,(711)786-6735,West Kennethfurt
1176,Nicole,Turner,23,F,CSE,55,gina05@gmail.com,601.793.7262,Dennistown
1177,Emily,Ross,21,M,MECH,73,denise70@gmail.com,2455794716,North Jamesmouth
1178,Betty,Martinez,22,M,CSE,61,james65@moreno.com,(275)568-0379x75253,Cathytown
1179,Nicole,Schmidt,23,M,ECE,81,michaeljones@yahoo.com,+1-369-935-7547x948,East Craig
1180,Jenna,Thompson,25,M,MECH,98,wrightdylan@humphrey.org,001-317-418-4789x95252,South Carol
1181,Deborah,Hayes,24,F,MECH,67,sarahyoung@watson.com,001-430-583-6898,Stewartport
1182,David,Arnold,24,F,IT,69,joshuaburke@black.com,(711)034-3115x9272,Shawnton
1183,Rebecca,Watson,19,M,MECH,68,beverly79@lopez.info,781-604-8768,South Marie
1184,David,Frost,21,F,CIVIL,66,kathleenglenn@gmail.com,009.934.8477,Austinfort
1185,Cassandra,Gilbert,20,F,IT,73,markscott@rowland.com,529-632-8530,Oliverside
1186,Billy,Ortiz,23,F,MECH,71,rodriguezbrittney@henry.org,815.654.0485x9403,Lake Benjaminside
1187,Angela,Evans,20,F,CSE,76,bishopjames@yahoo.com,275.128.5303,Davidhaven
1188,Shawn,Jenkins,20,M,CIVIL,61,elittle@hotmail.com,(916)555-6004x10574,Harrischester
1189,Lauren,Rice,23,F,ECE,97,lopeznancy@chandler-rodriguez.com,060-046-3686x07780,South Darinburgh
1190,Briana,Richardson,20,F,MECH,71,lbarnes@hotmail.com,+1-503-960-1377x661,East Melissamouth
1191,Catherine,Kim,20,M,EEE,77,berrygene@yahoo.com,168-062-7749x77924,Charlesmouth
1192,Christopher,Roberson,19,M,EEE,62,meyerslisa@yahoo.com,001-673-041-9761x6321,West Crystal
1193,Sherry,Jones,18,M,CIVIL,81,mbradley@rodriguez.com,+1-937-987-2395x238,Port Brandy
1194,Kristen,Nelson,24,M,ECE,68,byoung@mack-gray.com,-9140,North Chadstad
1195,Sheri,Butler,22,F,CIVIL,74,ashleywilson@beasley-butler.com,001-866-919-6490x746,Cunninghamburgh
1196,Ashley,Bradshaw,20,M,EEE,77,nicole73@kelly.net,+1-403-724-1697x64858,West Robertborough
1197,Michael,Lucas,19,F,CIVIL,97,jamesnicholas@gmail.com,185.713.5265,Mooreside
1198,April,Hale,18,F,IT,92,christina17@yahoo.com,4639028525,Loriside
1199,Paul,Reyes,22,M,CIVIL,77,ebowen@davis-lyons.org,-2424,New Jennifer
1200,Heather,Carlson,24,F,MECH,88,lopezalyssa@gmail.com,(601)542-1898x5328,East Caitlinfurt
1201,Nathaniel,Cherry,18,M,CIVIL,82,brian25@yahoo.com,514-347-9664x9113,Joshualand
1202,Olivia,Maxwell,18,M,CSE,94,lambertalexandra@deleon.com,+1-843-873-3790x230,West Martinstad
1203,Eric,Salinas,19,F,MECH,57,nmckinney@lee.com,310.530.5964x96080,Smithbury
1204,Michael,Davis,21,M,MECH,94,nicholasoliver@gmail.com,001-258-410-7561x60014,Port Danielchester
1205,Justin,Ross,19,F,EEE,83,jennifer75@baxter.net,001-552-602-7581,Shirleyburgh
1206,Diana,Cobb,24,M,IT,69,troymoses@hotmail.com,(165)130-7324,Rhodesfort
1207,Lawrence,Byrd,25,F,CIVIL,58,matthewhoover@hotmail.com,+1-469-105-5578x718,South Jasonshire
1208,Richard,Galloway,21,M,IT,53,josefuller@yahoo.com,(917)528-7908x80668,Port Emily
1209,Elizabeth,Richard,19,M,MECH,71,zjohnson@short.com,3682765014,West Teresa
1210,Pamela,Thomas,22,F,MECH,89,donna59@yahoo.com,061-845-0636x79357,Patriciaville
1211,Sheri,Thompson,24,F,CSE,79,williamslaura@hotmail.com,358-321-6876x6097,Baileystad
1212,Brian,Ramirez,25,F,MECH,57,lpaul@yahoo.com,+1-807-217-9181x7223,Port Michael
1213,Martin,Smith,20,M,CIVIL,75,james73@hotmail.com,469-999-2090x92816,East Jenniferstad
1214,Daniel,Johnson,20,F,MECH,72,laurawalker@dyer-bennett.com,832-672-0026x0255,Bestbury
1215,Anita,Romero,21,F,EEE,95,hoffmananita@yahoo.com,882-279-4701,Port Chloeview
1216,James,Best,19,F,IT,78,xwilkins@gmail.com,(797)943-0464,West Aprilville
1217,Breanna,Aguirre,25,M,IT,59,vincent93@clark.net,7579980949,North Brittneybury
1218,Anthony,Bowers,19,M,CIVIL,91,tyler08@rodriguez-barnes.com,001-589-703-9095x2039,West Cindy
1219,Seth,Stark,18,M,MECH,56,george21@yahoo.com,(786)219-7001,Lake Susanburgh
1220,Virginia,Alexander,21,F,EEE,79,mccoydouglas@reyes-romero.com,801-938-8130x7894,South Cathy
1221,Jessica,Carlson,24,M,MECH,75,bbush@wallace-scott.biz,951.337.8525,North Jamesburgh
1222,Jeremy,Watson,19,M,CSE,85,adriana60@morales.com,3048279057,Sanchezborough
1223,Rebecca,Jenkins,23,M,CSE,96,josemcknight@hotmail.com,5355401805,Garciahaven
1224,Brittany,Lopez,18,F,IT,61,zachary76@gmail.com,(746)724-9611x706,Leeport
1225,David,Rivera,19,M,MECH,83,martinmarcia@gmail.com,754-569-9549x35652,Shannonfort
1226,Donald,Rhodes,19,M,EEE,86,xcox@gmail.com,541.479.0472x02060,Catherinemouth
1227,Anne,Cantu,18,M,CIVIL,59,tperez@freeman.com,(672)121-8415,North Tracy
1228,Elizabeth,Adkins,21,M,MECH,92,amandawest@gmail.com,603-395-3726x26217,East Sydney
1229,Robert,Richardson,22,F,MECH,83,mramos@floyd.com,1478325719,South Nicholasville
1230,Valerie,Goodman,19,F,CIVIL,78,claudiamiller@gaines-allen.com,+1-828-101-9462x749,East Nicole
1231,Michael,Wyatt,19,F,EEE,76,anthonyjohnson@yahoo.com,1750001745,North Wanda
1232,Laura,Williamson,22,F,MECH,92,hendersonkaren@nelson.com,107.648.3538,Pearsonberg
1233,Wesley,Manning,24,M,IT,56,ewarren@hotmail.com,001-657-783-5743,Careymouth
1234,Kevin,Jones,24,F,CIVIL,52,hannabrenda@underwood-young.net,508.558.2364x75908,North Joemouth
1235,Tammy,Holloway,18,M,CIVIL,91,donna42@hernandez.com,6373506994,Colemouth
1236,Eric,Martin,24,F,ECE,87,qgeorge@bright.com,730-478-0551,West Lisa
1237,Joshua,Williams,20,M,MECH,97,randy52@wheeler.com,001-901-174-7931,South William
1238,Todd,Martin,20,M,CSE,64,amoore@yahoo.com,001-892-978-8266,West Matthew
1239,Maria,Reyes,18,M,ECE,51,kimberlywood@west.com,+1-182-012-5750x97238,Castilloborough
1240,Madison,Lynch,25,M,CIVIL,78,ccollins@lopez.com,540-064-4942x5651,East Kendra
1241,Christina,Underwood,22,M,EEE,65,murraythomas@ryan-conley.net,388-285-6462,Walshfurt
1242,Shawn,Beck,25,M,MECH,80,rebeccalambert@yahoo.com,(521)002-5655,Penaside
1243,Anthony,Baird,21,M,IT,98,gparker@cuevas.com,532-298-5566,North Brandonmouth
1244,Joy,Burns,20,F,IT,67,haynesrichard@bell.biz,529.586.3103x961,Morrismouth
1245,Rachel,Reyes,22,F,IT,62,efoley@hotmail.com,858-483-9458x944,Lake Angela
1246,Cynthia,Johnston,25,F,MECH,93,angelakennedy@gmail.com,001-230-576-7194x946,Macdonaldhaven
1247,Matthew,Dominguez,19,F,EEE,97,nrogers@hotmail.com,991.950.4373,Lake Karenton
1248,Beth,Tanner,24,M,ECE,62,david01@johnson.com,434-807-6000,South Jordanburgh
1249,Keith,Kelly,18,M,EEE,82,woodsmatthew@wilson.net,(921)130-8127x39580,Barkerton
1250,Francis,Bennett,24,M,CSE,83,douglas75@gmail.com,001-932-310-8664x600,Port Brian
1251,Jeffrey,Collins,18,M,IT,82,craigterry@rodriguez.org,001-547-960-8572,North Zacharyfurt
1252,Jacqueline,Walker,19,M,CSE,85,jeanettelang@moran-howell.org,475.488.3411x10617,Port Brandonchester
1253,Heather,Sheppard,19,M,EEE,59,tyler89@gmail.com,001-747-684-9202x33421,New Erinside
1254,Heidi,Ward,25,M,EEE,89,bradley91@hotmail.com,418-117-3972x07323,Port David
1255,Kelly,Davis,22,M,EEE,57,kpage@yahoo.com,001-415-608-8570,Lake Robert
1256,James,White,23,F,IT,61,amy18@hotmail.com,+1-848-740-1228x805,Drakeside
1257,Katrina,Greene,21,M,ECE,99,rachelmunoz@yahoo.com,(506)945-2636,Ericberg
1258,Zachary,Mckay,18,M,CIVIL,93,ashleydickson@yahoo.com,001-699-563-4642x211,Blakefort
1259,Jacqueline,Mcgee,19,M,CSE,90,steve83@mcfarland-cole.info,863.509.0225x785,West Jasonfort
1260,Teresa,Diaz,24,F,ECE,58,acampbell@moore.biz,+1-916-830-9878x738,Robertberg
1261,Tony,Olsen,18,F,CSE,98,nicolescott@hotmail.com,438.262.0042,Pottsmouth
1262,John,Johnson,22,M,IT,89,peterayers@hughes.biz,+1-683-558-4268x8964,North Melindabury
1263,Catherine,Bradley,21,M,MECH,53,lfreeman@yahoo.com,404.707.9262x35396,New Dennis
1264,Billy,Allen,21,F,CIVIL,63,barberdavid@johnson-alvarez.org,3119030417,West Joeberg
1265,Tyler,Ellison,18,M,CIVIL,73,hillanthony@yahoo.com,(640)169-6688x98310,West Robert
1266,Frederick,Hartman,18,M,CIVIL,90,stephanie57@yahoo.com,849.077.3582x1095,Matthewland
1267,Robert,Smith,19,F,EEE,79,rioslarry@davis.com,001-986-966-3984x52933,Carlosshire
1268,Brian,Duke,19,F,CSE,91,epierce@gmail.com,415.252.7899x44945,Port Davidberg
1269,Charles,Schmidt,21,F,IT,86,jackie21@hotmail.com,(868)982-8704,South Kristenton
1270,Renee,Jenkins,18,M,ECE,74,xjohnson@gmail.com,(288)583-6786x29967,South Yvonnemouth
1271,Shelby,Gregory,23,M,ECE,88,aarongray@dorsey.com,226.859.6922,Stevenberg
1272,Philip,Obrien,25,M,EEE,83,tiffanywilliams@logan.com,+1-822-801-7205x5772,Cooperport
1273,Sean,Brooks,19,M,CIVIL,57,kingmegan@yahoo.com,450.134.6359,Port April
1274,Kimberly,Taylor,18,M,IT,75,robertarmstrong@miller.biz,710.282.0727,West John
1275,Sean,Ramirez,19,F,CSE,57,kthompson@white.info,273.904.7697x01475,Hoffmanberg
1276,John,Lyons,19,F,CSE,52,amanda67@hotmail.com,(013)348-6808x7627,Stephanieshire
1277,Mary,Page,23,F,EEE,59,michaelestrada@gmail.com,091-867-9371,Kochmouth
1278,Renee,Sherman,18,F,EEE,74,laura58@hernandez-malone.com,6742921415,South Christophermouth
1279,Lawrence,Graves,23,F,CIVIL,51,barry90@gmail.com,(326)371-8508,Russellstad
1280,Brandon,Mcdonald,20,M,EEE,90,crossdawn@gmail.com,001-626-853-9209x8685,Diazstad
1281,Carl,Lopez,21,M,MECH,69,timothy00@hotmail.com,298.310.6615,Hawkinsmouth
1282,Joseph,Phillips,25,F,EEE,78,garzawilliam@rogers.biz,687.449.2323x1957,Petersonfurt
1283,Ashley,Ryan,24,M,IT,64,petersonsarah@mata-lewis.com,363-397-6178,Port Kellyside
1284,Christine,Moore,20,F,MECH,88,justinperez@yahoo.com,1179708803,Josefort
1285,Todd,Ellis,22,M,EEE,52,brianna20@yahoo.com,(570)555-4488x4855,Elizabethshire
1286,Alison,Gonzalez,22,M,MECH,96,frankrussell@henderson.biz,+1-160-451-6280x4210,Armstrongstad
1287,Ryan,Gray,23,M,EEE,80,thomasdavis@duffy.info,087.454.4476,North Kayla
1288,Christopher,Dudley,19,M,CSE,88,michaelgreen@hotmail.com,919.665.9934,East Phyllisbury
1289,Elizabeth,Cardenas,19,F,CIVIL,70,darrell36@yahoo.com,187-189-1029,Kennethborough
1290,James,Sullivan,25,F,IT,73,vwhite@rhodes-montgomery.com,338.655.6354,New Amy
1291,Heather,Holmes,23,M,CIVIL,78,austin93@gmail.com,+1-693-872-3233x61936,Port Arianaville
1292,Carol,Washington,20,F,ECE,52,johnford@davis.info,(363)568-3127,Lambmouth
1293,Kaitlyn,Reynolds,18,M,CSE,66,bradleyfarrell@chandler-holland.info,(343)645-4905,North Donna
1294,Roger,Macias,24,F,CSE,50,kelliott@gmail.com,964.544.3966x63988,South Anthony
1295,Gavin,Davidson,25,F,MECH,82,peter65@simmons.com,887.906.9341x095,Hamptontown
1296,Megan,Blevins,23,M,EEE,68,seanwagner@gmail.com,(735)549-1694x1899,Blackbury
1297,James,Hester,25,F,CSE,61,nathanielgeorge@mann.com,(677)281-9553x99711,Port Dawn
1298,Randy,Bowman,23,F,CSE,60,rryan@montgomery.com,-5704,New Joshuamouth
1299,Nicholas,Luna,24,F,IT,74,cindy22@yahoo.com,069-539-0471x834,Katherineview
1300,Kristie,Green,23,M,CIVIL,52,ntorres@gmail.com,001-041-150-5794x5405,Chadport
1301,Aaron,Hoffman,24,M,EEE,85,fsellers@thompson-faulkner.info,088.602.4846x8441,Fordfurt
1302,Maria,Harrell,23,F,IT,93,hrice@gmail.com,456-863-6408x721,West Donaldberg
1303,Linda,Hill,21,M,MECH,64,mcculloughmichael@gmail.com,485.453.7833,Port Deborah
1304,Dillon,Myers,19,M,ECE,72,phendrix@tucker.com,(924)122-7748x910,Hernandezberg
1305,Melissa,Walsh,18,M,CSE,99,brownmichael@gmail.com,922.461.2659,North Jasonville
1306,Daniel,Anderson,22,M,MECH,85,michele35@yahoo.com,651.756.0032,Mossshire
1307,Eddie,Wade,25,F,ECE,79,steven52@yahoo.com,451-931-6973,Port Jeffreyside
1308,Jennifer,Joseph,24,F,IT,60,bruceelizabeth@thornton-bowen.com,001-890-186-3565x708,Harrisfort
1309,Anthony,Mathews,20,F,CIVIL,59,nheath@hotmail.com,784.635.4160x055,Andreaburgh
1310,David,Hunt,23,F,CIVIL,100,sean14@erickson-nichols.org,+1-535-974-3394x307,Johnsontown
1311,David,Hunter,24,F,IT,80,james64@hotmail.com,793.612.5250,Kingberg
1312,Casey,Cochran,18,M,ECE,87,shamilton@hall.com,5346430150,Elizabethview
1313,Penny,Peck,19,M,MECH,96,qwalls@stone.com,060-037-8783x6281,Sullivanfort
1314,Victoria,Martin,24,M,ECE,86,bkennedy@bowen.com,992.744.5137,Wattstown
1315,Chad,Benton,24,M,MECH,70,mcdonaldcharles@howard.com,+1-274-521-8648x1104,New Michael
1316,Martha,Contreras,24,M,CSE,98,kimberlystewart@sanders-mills.com,645-017-7306,Stephaniestad
1317,Tommy,Jimenez,23,M,ECE,85,juliephillips@greene.net,(936)680-8434,Tanyaborough
1318,Zachary,Lawrence,22,M,CSE,55,fmorrow@williams.com,085-587-0101,Brownville
1319,Nichole,Wright,19,M,EEE,50,qmoreno@harvey.com,001-892-162-3269x221,East Nicole
1320,Christopher,House,21,F,ECE,92,melvinalvarez@hotmail.com,(786)359-3880,West Tammyview
1321,Phillip,Black,23,F,IT,84,oarnold@davis.com,080.696.1716x6125,Lake Renee
1322,Norma,Brock,25,M,MECH,60,tespinoza@fletcher.com,+1-418-962-9131x522,Sarahtown
1323,Elizabeth,Brown,24,M,CSE,60,lopezjoshua@hotmail.com,866-147-4460,North Mary
1324,Alexandria,West,18,M,CIVIL,53,nsnow@yahoo.com,(674)137-9856x270,Maureenstad
1325,Shawn,Freeman,18,F,CIVIL,67,wrightdiane@howard.org,001-908-108-5042x574,Stephensport
1326,Allison,Rasmussen,21,F,MECH,54,jonathanjimenez@davila.com,(352)621-8999x463,Julianview
1327,Richard,Valencia,18,M,MECH,80,rjohnson@hotmail.com,+1-426-809-4283x22074,New Christopher
1328,Jonathan,Willis,24,F,ECE,51,robertgordon@ward.biz,001-168-757-8436x631,Reedtown
1329,Joseph,Parker,19,M,MECH,54,cameroncurtis@hotmail.com,(633)594-6522x014,Tylerfurt
1330,Stephanie,Daniels,19,F,IT,69,ebrown@garcia.com,731.606.6319x66655,Lake Michael
1331,Michael,Morris,25,M,EEE,74,mistywhite@hotmail.com,+1-445-345-8155x4888,North Jenna
1332,Kevin,Jones,21,F,MECH,89,browningmichael@gmail.com,2139869778,South Deborahmouth
1333,Sherri,Griffith,25,F,CSE,91,paullindsey@sanchez.org,-2981,Port Raymondburgh
1334,Lauren,Taylor,19,M,MECH,99,websterpaula@yahoo.com,001-864-333-6339,Oliviafort
1335,Dustin,Mclean,21,F,EEE,60,andersonsamantha@gmail.com,+1-419-994-4027x367,Frederickborough
1336,Susan,Davila,19,M,IT,51,wendyhuynh@yahoo.com,001-230-310-5213x29982,Lake Luis
1337,Laura,Hall,20,M,MECH,89,umcclure@gmail.com,001-990-299-5252x86238,Donovanhaven
1338,Jasmine,Thomas,25,F,MECH,92,martinezrachel@gmail.com,001-170-672-6770x718,New Billbury
1339,Adam,Chan,19,M,ECE,86,darrellthompson@gmail.com,5125630213,South Amy
1340,Troy,Johnson,23,F,IT,92,weberkevin@hotmail.com,(671)969-6807x156,Chloefort
1341,Jennifer,Jackson,23,F,ECE,56,anthony08@ward-carter.com,854-362-6468x4804,Jerryland
1342,Jessica,Branch,18,F,CSE,97,dixonangela@yahoo.com,+1-760-233-6193x3999,Lewisstad
1343,Carolyn,Ortiz,24,F,CSE,100,elopez@yahoo.com,+1-945-968-0917x0275,Port Ryan
1344,Amber,Moreno,18,F,ECE,87,nicholsanne@yahoo.com,(590)642-7423x6544,Rodriguezburgh
1345,Katie,Lucero,23,M,CIVIL,62,zjohnson@gmail.com,(176)875-5750x380,West Lindseyborough
1346,Jeremy,Lewis,21,M,CIVIL,81,robin70@peterson-nguyen.net,294.641.6109x424,Brianville
1347,Julie,Arellano,25,M,CIVIL,84,nicholas16@moran.com,(801)498-5563,Thomasfurt
1348,Brooke,Johnson,24,F,CSE,63,alisha72@hotmail.com,965-224-8615x67052,Wangton
1349,Courtney,Austin,24,M,CSE,77,wwilliams@hotmail.com,844.337.7765x8194,New Kimberly
1350,Scott,Reid,18,F,EEE,95,alexmueller@baker-carson.com,470-754-9014x632,Rodgersbury
1351,Jessica,Dennis,18,M,IT,70,vshaffer@yahoo.com,461-742-1385x793,Pattersonville
1352,Katherine,Moore,22,M,IT,64,qsmith@gmail.com,(862)732-9299x0407,Christinaside
1353,Andrea,Carter,21,F,ECE,72,gmurray@yahoo.com,(741)450-9394x140,Paynetown
1354,Nathan,Rivas,19,F,IT,63,patrick40@hotmail.com,136.970.6178x07547,Josephhaven
1355,Karen,Salinas,22,M,IT,67,caleb69@gmail.com,9773140672,West Erika
1356,Kathryn,Smith,25,F,IT,88,rjenkins@smith-murray.com,001-238-727-8015x7595,Robertaborough
1357,Christopher,Allen,18,F,IT,96,katrinarodriguez@gmail.com,325-446-6036,East Brianberg
1358,James,Villanueva,25,M,CSE,54,jeffery28@gmail.com,341-356-1239x0582,Jimmyville
1359,Rhonda,Calhoun,18,F,CSE,99,hinesedgar@wilson.com,+1-919-742-7719x9272,Port Lindaview
1360,Alison,Barnes,19,M,CSE,100,scottbaker@hotmail.com,(683)571-8492x032,Welchfort
1361,Ashley,Freeman,20,F,EEE,97,brookecampbell@hotmail.com,614.035.8847,Burgessstad
1362,Kathryn,Savage,24,F,ECE,83,petersthomas@edwards.net,814-199-3564x81235,Zacharyfort
1363,Natalie,Martin,23,F,IT,66,obrienbenjamin@gmail.com,868.816.9780,Glovermouth
1364,Joseph,Thomas,22,M,EEE,55,hayden33@norris-jackson.biz,-8723,East Cheyenneview
1365,April,Taylor,20,M,EEE,75,doyleandre@gmail.com,+1-545-734-3027x77775,South Michaelmouth
1366,Matthew,Webb,18,M,MECH,65,fischeradam@yahoo.com,1604520095,North James
1367,Todd,Powell,22,M,MECH,51,ymendoza@sanders.org,965-068-4512x38437,Port Aaron
1368,John,Potter,24,F,MECH,72,jenniferjackson@myers-brown.net,(479)964-0336x0930,East Michelle
1369,Michael,Stewart,19,F,MECH,64,fgordon@hotmail.com,+1-152-994-2181x422,Parkbury
1370,Anthony,Lewis,18,M,ECE,82,wadetroy@gmail.com,+1-206-705-3528x194,West John
1371,John,Walls,24,F,CIVIL,63,millerlucas@gmail.com,(393)618-6143,Lake Laurachester
1372,Patricia,Davis,20,M,CSE,57,donovanangel@booth.info,805-350-4997,Fernandezbury
1373,Ashley,Rodriguez,20,F,EEE,79,garciaalexis@clark.com,749.461.6209x31215,Floydview
1374,Chloe,Mckenzie,24,M,CIVIL,86,vweber@stein.com,285-347-4540,West Jennaside
1375,Dustin,Patterson,19,F,MECH,65,charlesestrada@gmail.com,815.945.9261x893,Coreyton
1376,Kimberly,Sanders,23,M,EEE,72,sharon36@wallace.org,412-249-5818,East Cheryl
1377,Susan,Carpenter,21,F,IT,50,jkent@bailey-anderson.com,0829565044,East Andreaberg
1378,Katrina,Zavala,25,F,EEE,77,sjones@hotmail.com,(565)289-5832x8354,Lake Stephenstad
1379,Kenneth,Moreno,19,F,CSE,63,jeffrey15@yahoo.com,+1-063-718-2138x22733,North Candice
1380,Danny,Randolph,23,M,CIVIL,72,monicali@hotmail.com,004-196-2246,East Ambermouth
1381,George,Johnson,25,F,CIVIL,100,cdickson@gmail.com,581.555.2893,West Heather
1382,Lori,Hill,20,M,ECE,53,timothymays@gallegos.com,(922)157-7028x96812,Abigailton
1383,Angelica,Rodriguez,18,M,CIVIL,94,hughesrobin@turner.biz,1552668678,Port Jenniferberg
1384,Frank,Jackson,20,F,IT,95,peter32@branch-patel.org,(564)883-3534x4969,Port Thomasshire
1385,Sierra,Phillips,20,M,IT,58,kennethmills@thomas.com,088-559-6218x332,North Jennifer
1386,Stephen,Riley,23,M,IT,80,brownsusan@gmail.com,-7506,Ethanview
1387,Brian,Pruitt,22,F,CIVIL,89,jacksoneric@griffin.info,4538291658,Lewisshire
1388,Barbara,Maldonado,24,F,ECE,99,joel43@yahoo.com,052.517.3241,South Michael
1389,Robert,Barnes,20,M,MECH,81,torressean@best.com,-10557,West Gabriel
1390,Mallory,Carpenter,19,M,IT,75,fowlerdonald@ayers.org,520.037.8708,East Daniel
1391,Tiffany,Hernandez,25,M,CIVIL,90,gmata@salas.com,(225)495-1597x62595,East Amanda
1392,James,Taylor,22,M,ECE,99,martinezdavid@gmail.com,495-156-1010,South Jillhaven
1393,Emily,Fuller,24,M,CSE,79,nortonjennifer@gmail.com,(646)062-7270,Nelsonberg
1394,Mark,Rivera,24,F,MECH,61,kentjulie@gmail.com,689.646.7039,New Jennifer
1395,Jessica,Lee,25,M,ECE,86,ryannunez@gmail.com,558-126-9560,Nicholsberg
1396,Stephanie,Miller,19,M,ECE,73,barbarawilkinson@hull-watson.net,2279647810,South Ashley
1397,Edward,Davidson,25,F,CSE,63,benjamingonzalez@gmail.com,+1-307-035-5316x5618,West Joyhaven
1398,Joshua,Adams,20,M,IT,69,joshuabarr@gmail.com,(830)743-4331,Mariafurt
1399,Jeffrey,Perry,21,M,MECH,87,heatheryoung@estes-fields.com,331-255-3477x80453,Smithburgh
1400,Kylie,Fuller,21,M,CSE,55,olucas@hawkins-washington.info,+1-790-590-7089x63040,Lake Kelly
1401,Kathryn,Medina,18,F,CSE,66,ogarza@obrien-schroeder.org,-6138,North Pamelaton
1402,Michael,Hamilton,21,F,IT,92,lisa61@gmail.com,531.064.6067,Stephanieport
1403,Cynthia,Nelson,20,M,EEE,53,ztorres@hotmail.com,001-765-608-0447x3018,North Pennyview
1404,Kimberly,Sawyer,25,F,ECE,87,elizabeth11@murphy-hardin.info,001-020-506-7062x12734,North Tonifurt
1405,Amy,Jones,24,F,EEE,50,romerosherry@gmail.com,(618)605-8360x9699,Jaytown
1406,Joel,Ramirez,19,F,MECH,64,edwardsoscar@hotmail.com,001-501-565-0542x9500,Allenland
1407,Bobby,Long,22,M,CIVIL,88,reedstephanie@miller.com,-8477,Port Curtismouth
1408,Rachel,West,19,M,CIVIL,62,srussell@murphy-davis.com,543.644.5601,Joeburgh
1409,Mark,Phelps,20,M,CSE,96,rogersjamie@yahoo.com,+1-731-401-9347x38925,New Kylestad
1410,Robert,Miller,19,F,IT,64,ofernandez@gmail.com,575.008.2157x733,Mossport
1411,Jonathan,Ray,21,M,MECH,61,tanya14@phillips-vazquez.net,516-887-0393x3741,Martinezside
1412,Sue,Owens,25,M,CIVIL,94,vcox@butler.com,795-732-5564x42732,South Cathyhaven
1413,Sean,Pace,24,F,ECE,91,harriskevin@ward.com,(010)613-7581,West Alishafort
1414,Austin,Holden,21,M,CIVIL,50,hmcgrath@crawford-ward.net,748.244.3574x28504,Meyerborough
1415,Mark,White,22,F,ECE,84,april36@rose-miller.com,(720)827-9593,Lucasberg
1416,Sabrina,Gonzalez,23,M,ECE,86,josemejia@stevenson.biz,(492)782-1010x906,South Dannystad
1417,Beth,Casey,24,M,CSE,71,christyhernandez@yahoo.com,508-454-4742x4090,New Brianfort
1418,Jacqueline,Sandoval,22,F,MECH,56,zrodriguez@long.biz,322.833.3157x9681,Richardville
1419,Elizabeth,White,22,F,CIVIL,56,joshua10@wilson-johnson.com,679-919-9119,Priceville
1420,Lisa,Smith,23,M,CSE,65,melissavazquez@gmail.com,820-863-2967,East Jamieburgh
1421,Amy,Bradley,23,F,CSE,57,mary54@gmail.com,758.006.1761x75497,North Willieside
1422,Michelle,Cox,20,F,ECE,74,rodriguezcindy@gmail.com,389-508-3628x5593,East Michelleview
1423,Christopher,Atkins,24,F,IT,87,vwilliams@robertson.com,+1-604-097-5462x7481,Hillfurt
1424,Danielle,Alexander,20,F,EEE,52,perezpatricia@hotmail.com,762.839.8443,North Williamville
1425,Calvin,Garcia,23,M,CSE,73,stacy94@hotmail.com,333.299.4449x1729,Whitefurt
1426,Richard,Kelly,25,F,EEE,82,fgill@bates.com,+1-091-161-6771x431,Amymouth
1427,Julia,Mcdaniel,23,F,EEE,99,gail60@gmail.com,001-900-335-8699x46424,Lake Lauren
1428,Haley,Rodriguez,23,F,ECE,75,nicolemartin@roth.org,764-308-3983x698,Hardinton
1429,Lisa,Santiago,23,F,MECH,75,ashleykara@yahoo.com,(524)304-2552,New Allenville
1430,Kyle,Duarte,23,F,CIVIL,50,jessica58@hotmail.com,419.404.1635x467,Davidfort
1431,Erik,Hill,22,F,ECE,98,miguel29@gmail.com,501.404.4408,North Cynthiaburgh
1432,Savannah,Hodge,24,F,MECH,50,johnsonjoel@rodriguez.org,+1-870-031-6195x424,Mirandaport
1433,Colleen,Johnson,18,M,ECE,62,nhopkins@morris-garcia.info,236-360-3083,Boydview
1434,Amy,Wright,19,F,CIVIL,99,davidmartin@archer.net,581.486.2365,New Shanefurt
1435,Cathy,Garcia,22,M,IT,92,richardsanna@hotmail.com,054.607.6701x548,Michaelchester
1436,Gina,Robinson,25,M,CSE,70,gmartin@yahoo.com,-5243,New Richard
1437,Christopher,Mckinney,22,F,EEE,99,janet77@hodge.org,(343)900-3955,West Carlos
1438,William,Nguyen,23,F,CSE,96,melissa88@hotmail.com,310.462.1809x819,West Gary
1439,Christie,Butler,19,M,ECE,88,nancyjohnston@johnson.com,5851060695,Christopherstad
1440,Joseph,Jones,19,M,IT,96,anthonyduran@yahoo.com,(155)942-6273x09728,South James
1441,Thomas,Griffin,20,F,CIVIL,87,daviesdouglas@gmail.com,561-953-8404,West Teresaburgh
1442,Christopher,Mcneil,23,M,IT,79,adam61@dodson.com,(161)913-2090x1503,West Gregoryton
1443,Laura,Watson,18,F,MECH,52,xhall@hotmail.com,+1-879-164-1520x9191,South Michelleland
1444,Robert,Mathis,24,M,CIVIL,82,amberodonnell@henry.com,001-459-007-0133x78220,Lake David
1445,Carol,Obrien,18,M,MECH,66,tmoss@gmail.com,-7233,Westhaven
1446,Bryan,Woodard,25,M,IT,56,robert45@scott-white.com,(422)409-3050,Arroyochester
1447,Brian,Hernandez,20,M,EEE,88,ashley33@shea.info,-6725,Robertbury
1448,Michelle,Werner,23,M,EEE,69,luke11@hubbard.biz,+1-793-090-7119x15619,North Nicoleville
1449,Kelly,Fuller,18,F,CIVIL,91,samantha07@hotmail.com,366-819-1804,East Kelly
1450,Daniel,Jones,18,M,ECE,65,shieldschristopher@chen.com,(796)766-6420x5369,Kathleenville
1451,Kathryn,Morgan,19,M,EEE,70,nataliecampos@gmail.com,(774)560-5995,Bobbyview
1452,David,Church,25,F,ECE,86,andrew94@hotmail.com,304-751-8136x6053,North Susan
1453,Michael,Rubio,18,F,ECE,94,anthonyjones@hotmail.com,001-976-476-5561x3254,South Shannon
1454,Kenneth,Davis,21,M,MECH,76,rdavis@campbell-rice.com,-11665,South Jeremiah
1455,Ashley,Brooks,18,F,IT,69,glenntiffany@heath-torres.com,151-885-5639x05652,Kimport
1456,Tracy,Green,23,F,IT,75,ryannelson@hotmail.com,580-664-1588,Lake Wandafurt
1457,Todd,Robertson,25,M,IT,74,darlenereynolds@gmail.com,(997)633-6287x66335,Ashleyport
1458,Angela,Stewart,20,M,IT,83,gregory87@gmail.com,001-040-896-7367x86178,West Cynthia
1459,Stephanie,Booker,21,F,ECE,85,ygarcia@zavala.biz,+1-277-039-4158x6707,Camachochester
1460,Lindsey,Gonzalez,18,M,CSE,77,debra85@gmail.com,650-918-3616,Zacharyview
1461,Kenneth,Taylor,18,F,IT,54,fjohnson@hotmail.com,828.998.1102,East Matthewburgh
1462,Monica,Bell,18,F,CSE,52,marklopez@mcfarland-smith.biz,(406)361-6622x78383,Carlsonfort
1463,Lori,Davis,23,F,MECH,96,matthewtodd@olson-carlson.com,(296)764-0131x1302,Danielburgh
1464,Johnathan,Roberts,19,F,ECE,60,jacobwilson@yahoo.com,801.452.6075x306,Lake Michael
1465,Julie,Bray,25,M,IT,62,jonessusan@hotmail.com,892-418-1374,Wilsonport
1466,Brandi,Gonzalez,23,F,IT,69,russell52@eaton.com,001-299-379-4168x8103,East Brian
1467,Jennifer,Carpenter,18,F,EEE,78,karenruiz@todd-scott.com,001-322-504-1415x023,West Michael
1468,Isaiah,Oneill,20,M,CIVIL,59,tylercampbell@yahoo.com,680.618.2856x652,Brianville
1469,Danielle,Walker,25,F,EEE,72,jamesrichardson@garcia.com,(272)629-9862x6761,West Melissaton
1470,Omar,Daugherty,24,F,IT,89,ttapia@ramsey-pineda.org,2783308547,New Michelebury
1471,Michael,Smith,18,M,EEE,67,bhayes@gmail.com,697-339-2239,Mollyborough
1472,Cory,Mclaughlin,22,F,EEE,78,alexandertaylor@wilkinson-garcia.biz,797.277.5914,New Andrestad
1473,Andrew,Rose,19,M,CSE,65,ryanibarra@gmail.com,895.629.8924,North Dannyview
1474,Kathryn,Long,21,M,CIVIL,79,blanchardashley@johnson-stewart.com,677.574.4448x336,South Audrey
1475,Julie,Colon,18,F,ECE,60,bryanhill@velez-pruitt.com,687-410-6807x69153,East Kelly
1476,Karen,Smith,21,M,CIVIL,57,elizabeth82@brown-griffith.info,+1-357-378-6410x8505,Rebeccafurt
1477,Christina,Clayton,20,M,MECH,53,johnsonstuart@jimenez.biz,224-375-3720x304,Port Jennifer
1478,Stephanie,Wade,22,F,IT,100,zmyers@stanton.com,568.438.1720x054,Saundersborough
1479,Steven,Carter,18,M,ECE,79,medinacrystal@jackson.biz,+1-042-437-6576x828,Camposberg
1480,Chad,Poole,21,M,ECE,64,washingtondanny@hotmail.com,-7590,Lake Stephaniemouth
1481,Vicki,Griffith,20,F,CSE,94,karl39@thomas-livingston.biz,(877)212-4949,Yolandaberg
1482,Alyssa,Cameron,25,F,ECE,89,vjones@hotmail.com,001-757-186-9395x415,Benjaminmouth
1483,Chelsey,Reese,18,M,IT,73,efoster@lozano.org,308-065-9195,Wilsonbury
1484,David,Lester,20,M,CIVIL,80,jacqueline26@hopkins.com,643-320-8716x10938,North Ryan
1485,Anthony,Morris,21,F,IT,58,vyoung@collins.biz,775-236-0165,Smithhaven
1486,Jonathan,Benitez,20,M,EEE,94,kevin80@jones.com,975-466-5291x514,Lake Stevenshire
1487,Barbara,Norris,23,M,ECE,85,courtneygarrett@wilson.com,395.910.0512,East Brittanychester
1488,Angela,Acevedo,19,F,IT,84,krausepatrick@gmail.com,3912929582,West Aaron
1489,Catherine,Edwards,24,M,CIVIL,75,jason16@davis.com,569-729-1957x35844,Graveschester
1490,Jesse,Walker,22,F,CSE,77,johnhart@yahoo.com,+1-517-125-6348x91826,West Thomastown
1491,Timothy,Rodriguez,19,F,CIVIL,94,victoria13@hotmail.com,0498507460,Lake Trevorview
1492,Samantha,Nelson,23,M,MECH,79,bonnie72@maynard-smith.com,001-146-248-3271,North Charlesstad
1493,Walter,Pruitt,25,M,CIVIL,100,oscar59@simmons.org,1109905183,Herreraview
1494,Tiffany,Costa,22,F,EEE,93,mathewsmichael@daniels.info,3654068911,North Jerrybury
1495,Alvin,Pham,20,F,MECH,94,djohnson@gmail.com,490-660-0740,Lindabury
1496,Dillon,Serrano,21,F,IT,94,jeffreystewart@gmail.com,(034)095-2793x59003,North Angelaburgh
1497,Angela,Blair,21,M,MECH,97,dannydeleon@hotmail.com,932.605.3340,Scottside
1498,Juan,Cohen,18,M,EEE,72,jacqueline53@davis-castaneda.com,001-532-312-5779,Francotown
1499,Jennifer,Escobar,21,F,MECH,81,adamsteresa@mills.com,(395)960-2570,Alexandramouth
1500,Raymond,Davies,21,F,CIVIL,78,ashleyrussell@yahoo.com,(026)170-3357,East Amberborough
